{
    "name":"[CloudDev]Empty Ability",
    "version":"1.0.0",
    "publishAs":"TEMPLATE",
    "description":"[CloudDev]Empty Ability",
    "author":{
        "name":"OFFICIAL",
        "url":""
    },
    "keywords":[
        "phone",
        "eTS",
        "AppGalleryConnect",
        "CloudDevelopment"
    ],
    "language":[
        "Ets"
    ],
    "apiVersion":9,
    "deviceType":[
        "Phone"
    ],
    "metaVersion":"5.0.0",
    "source":"OFFICIAL",
    "buildType":0,
    "categoryId":"LSfdpijERWaUSrLPSoUf2S",
    "releaseTime":"2022-12-01 11:28:20",
    "runtimeOS":"HarmonyOS",
    "projectType": "Application,Atomic Service"
}