{
  "id": "[CloudDev]Empty Ability",
  "displayName": "[CloudDev]Empty Ability",
  "description": "This template provides a Hello World example that includes complete device-cloud interaction based on CloudDev capabilities. The cloud-side logic is hosted on the serverless service, which enables automatic scaling and O&M-free.",
  "category": "ability",
  "baseProvider":"ohos",
  "functionType": "basic",
  "globalsFile": "parameter.json.ftl",
  "recipeFile": "command.xml.ftl",
  "templateIcon": "[CloudDev]Empty Ability.svg",
  "templatePreviewImage": "[CloudDev]Empty Ability_Preview.svg",
  "isMultiModule": true,
  "isCloudDev":true,
  "addOnMinCompileSdk": 9,
  "addOnMaxCompileSdk": 9,
  "projectType": "Application,Atomic Service",
  "addOnApiType": {
    "stageMode": {
      "minCompileSdk": 9,
      "developmentMode": {
        "traditionalCode": [
          {
            "uiSyntax": "eTS",
            "deviceType": [
              "phone"
            ],
            "minCompatibleSdk": 9
          }
        ]
      }
    }
  }
}
